{"cameraMode":{"drawMode":0,"name":"Shaded","section":"Shading Mode"},"sceneLighting":true,"audioPlay":false,"sceneViewState":{"showFog":true,"showMaterialUpdate":false,"showSkybox":true,"showFlares":true,"showImageEffects":true,"showParticleSystems":true},"in2DMode":false,"pivot":{"x":-5.749958038330078,"y":-11.1553955078125,"z":1.8412680625915528},"rotation":{"x":-0.25857871770858767,"y":0.5583659410476685,"z":-0.18864476680755616,"w":-0.7653611898422241},"size":34.984920501708987,"orthographic":false}